id,nama,suhu_tubuh_Min,suhu_tubuh_Max,tekanan_sistolik_Min,tekanan_sistolik_Max,tekanan_diastolik_Min,tekanan_diastolik_Max,detak_jantung_Min,detak_jantung_Max,saturasi_Min,saturasi_Max,kadar_gula_Min,kadar_gula_Max,berat_badan_Min,berat_badan_Max,tinggi_badan_Min,tinggi_badan_Max,kolesterol_Min,kolesterol_Max,trombosit_Min,trombosit_Max
1;demam;10.000000;100.000000;20;30;15;35;100;10;120.000000;150.500000;80;100;30.000000;70.000000;150;190;100;150;60;0;
2;Influenza;36.000000;38.500000;90;120;60;80;60;100;95.000000;100.000000;70;140;45.000000;90.000000;150;185;150;240;150;0;
3;COVID-19;36.000000;39.000000;90;130;60;85;60;120;90.000000;100.000000;70;180;45.000000;90.000000;150;185;150;240;150;0;
4;Hipertensi;36.000000;37.500000;140;180;90;120;60;100;90.000000;100.000000;70;140;45.000000;90.000000;150;185;150;240;150;0;
5;Diabetes Mellitus;36.000000;37.500000;90;140;60;90;60;100;90.000000;100.000000;126;200;45.000000;90.000000;150;185;150;240;150;0;
6;Anemia;36.000000;37.000000;90;120;60;80;60;100;95.000000;100.000000;70;140;45.000000;90.000000;150;185;150;240;150;0;
